"","X","Year","richness","Location","diff","state","site.year","rich.change","FG"
"1","Cousin Carbonate1",2005,15,"Cousin Carbonate",-6,"Shifted","Cousin Carbonate.2005","Loss","Herbivore"
"2","Cousin Granite1",2005,16,"Cousin Granite",-1,"Shifted","Cousin Granite.2005","Loss","Herbivore"
"3","Cousin Patch1",2005,12,"Cousin Patch",-4,"Shifted","Cousin Patch.2005","Loss","Herbivore"
"4","Mahe E Carbonate1",2005,12,"Mahe E Carbonate",-5,"Shifted","Mahe E Carbonate.2005","Loss","Herbivore"
"5","Mahe E Granite1",2005,11,"Mahe E Granite",2,"Shifted","Mahe E Granite.2005","Gain","Herbivore"
"6","Mahe E Patch1",2005,10,"Mahe E Patch",-7,"Recovering","Mahe E Patch.2005","Loss","Herbivore"
"7","Mahe NW Carbonate1",2005,15,"Mahe NW Carbonate",3,"Recovering","Mahe NW Carbonate.2005","Gain","Herbivore"
"8","Mahe NW Granite1",2005,14,"Mahe NW Granite",0,"Recovering","Mahe NW Granite.2005","Loss","Herbivore"
"9","Mahe NW Patch1",2005,6,"Mahe NW Patch",-4,"Recovering","Mahe NW Patch.2005","Loss","Herbivore"
"10","Mahe W Carbonate1",2005,18,"Mahe W Carbonate",7,"Recovering","Mahe W Carbonate.2005","Gain","Herbivore"
"11","Mahe W Granite1",2005,18,"Mahe W Granite",-1,"Recovering","Mahe W Granite.2005","Loss","Herbivore"
"12","Mahe W Patch1",2005,10,"Mahe W Patch",-8,"Recovering","Mahe W Patch.2005","Loss","Herbivore"
"13","Praslin NE Carbonate1",2005,10,"Praslin NE Carbonate",-6,"Shifted","Praslin NE Carbonate.2005","Loss","Herbivore"
"14","Praslin NE Granite1",2005,16,"Praslin NE Granite",0,"Recovering","Praslin NE Granite.2005","Loss","Herbivore"
"15","Praslin NE Patch1",2005,14,"Praslin NE Patch",2,"Recovering","Praslin NE Patch.2005","Gain","Herbivore"
"16","Praslin SW Carbonate1",2005,8,"Praslin SW Carbonate",-7,"Shifted","Praslin SW Carbonate.2005","Loss","Herbivore"
"17","Praslin SW Granite1",2005,16,"Praslin SW Granite",0,"Recovering","Praslin SW Granite.2005","Loss","Herbivore"
"18","Praslin SW Patch1",2005,14,"Praslin SW Patch",-3,"Shifted","Praslin SW Patch.2005","Loss","Herbivore"
"19","Ste Anne Carbonate1",2005,8,"Ste Anne Carbonate",-7,"Shifted","Ste Anne Carbonate.2005","Loss","Herbivore"
"20","Ste Anne Granite1",2005,23,"Ste Anne Granite",11,"Recovering","Ste Anne Granite.2005","Gain","Herbivore"
"21","Ste Anne Patch1",2005,11,"Ste Anne Patch",-9,"Recovering","Ste Anne Patch.2005","Loss","Herbivore"
"22","Cousin Carbonate2",2008,16,"Cousin Carbonate",-5,"Shifted","Cousin Carbonate.2008","Loss","Herbivore"
"23","Cousin Granite2",2008,17,"Cousin Granite",0,"Shifted","Cousin Granite.2008","Loss","Herbivore"
"24","Cousin Patch2",2008,21,"Cousin Patch",5,"Shifted","Cousin Patch.2008","Gain","Herbivore"
"25","Mahe E Carbonate2",2008,13,"Mahe E Carbonate",-4,"Shifted","Mahe E Carbonate.2008","Loss","Herbivore"
"26","Mahe E Granite2",2008,16,"Mahe E Granite",7,"Shifted","Mahe E Granite.2008","Gain","Herbivore"
"27","Mahe E Patch2",2008,17,"Mahe E Patch",0,"Recovering","Mahe E Patch.2008","Loss","Herbivore"
"28","Mahe NW Carbonate2",2008,13,"Mahe NW Carbonate",1,"Recovering","Mahe NW Carbonate.2008","Gain","Herbivore"
"29","Mahe NW Granite2",2008,22,"Mahe NW Granite",8,"Recovering","Mahe NW Granite.2008","Gain","Herbivore"
"30","Mahe NW Patch2",2008,8,"Mahe NW Patch",-2,"Recovering","Mahe NW Patch.2008","Loss","Herbivore"
"31","Mahe W Carbonate2",2008,18,"Mahe W Carbonate",7,"Recovering","Mahe W Carbonate.2008","Gain","Herbivore"
"32","Mahe W Granite2",2008,19,"Mahe W Granite",0,"Recovering","Mahe W Granite.2008","Loss","Herbivore"
"33","Mahe W Patch2",2008,13,"Mahe W Patch",-5,"Recovering","Mahe W Patch.2008","Loss","Herbivore"
"34","Praslin NE Carbonate2",2008,12,"Praslin NE Carbonate",-4,"Shifted","Praslin NE Carbonate.2008","Loss","Herbivore"
"35","Praslin NE Granite2",2008,19,"Praslin NE Granite",3,"Recovering","Praslin NE Granite.2008","Gain","Herbivore"
"36","Praslin NE Patch2",2008,13,"Praslin NE Patch",1,"Recovering","Praslin NE Patch.2008","Gain","Herbivore"
"37","Praslin SW Carbonate2",2008,12,"Praslin SW Carbonate",-3,"Shifted","Praslin SW Carbonate.2008","Loss","Herbivore"
"38","Praslin SW Granite2",2008,21,"Praslin SW Granite",5,"Recovering","Praslin SW Granite.2008","Gain","Herbivore"
"39","Praslin SW Patch2",2008,18,"Praslin SW Patch",1,"Shifted","Praslin SW Patch.2008","Gain","Herbivore"
"40","Ste Anne Carbonate2",2008,15,"Ste Anne Carbonate",0,"Shifted","Ste Anne Carbonate.2008","Loss","Herbivore"
"41","Ste Anne Granite2",2008,21,"Ste Anne Granite",9,"Recovering","Ste Anne Granite.2008","Gain","Herbivore"
"42","Ste Anne Patch2",2008,14,"Ste Anne Patch",-6,"Recovering","Ste Anne Patch.2008","Loss","Herbivore"
"43","Cousin Carbonate3",2011,16,"Cousin Carbonate",-5,"Shifted","Cousin Carbonate.2011","Loss","Herbivore"
"44","Cousin Granite3",2011,18,"Cousin Granite",1,"Shifted","Cousin Granite.2011","Gain","Herbivore"
"45","Cousin Patch3",2011,23,"Cousin Patch",7,"Shifted","Cousin Patch.2011","Gain","Herbivore"
"46","Mahe E Carbonate3",2011,13,"Mahe E Carbonate",-4,"Shifted","Mahe E Carbonate.2011","Loss","Herbivore"
"47","Mahe E Granite3",2011,15,"Mahe E Granite",6,"Shifted","Mahe E Granite.2011","Gain","Herbivore"
"48","Mahe E Patch3",2011,17,"Mahe E Patch",0,"Recovering","Mahe E Patch.2011","Loss","Herbivore"
"49","Mahe NW Carbonate3",2011,15,"Mahe NW Carbonate",3,"Recovering","Mahe NW Carbonate.2011","Gain","Herbivore"
"50","Mahe NW Granite3",2011,18,"Mahe NW Granite",4,"Recovering","Mahe NW Granite.2011","Gain","Herbivore"
"51","Mahe NW Patch3",2011,16,"Mahe NW Patch",6,"Recovering","Mahe NW Patch.2011","Gain","Herbivore"
"52","Mahe W Carbonate3",2011,20,"Mahe W Carbonate",9,"Recovering","Mahe W Carbonate.2011","Gain","Herbivore"
"53","Mahe W Granite3",2011,19,"Mahe W Granite",0,"Recovering","Mahe W Granite.2011","Loss","Herbivore"
"54","Mahe W Patch3",2011,13,"Mahe W Patch",-5,"Recovering","Mahe W Patch.2011","Loss","Herbivore"
"55","Praslin NE Carbonate3",2011,7,"Praslin NE Carbonate",-9,"Shifted","Praslin NE Carbonate.2011","Loss","Herbivore"
"56","Praslin NE Granite3",2011,23,"Praslin NE Granite",7,"Recovering","Praslin NE Granite.2011","Gain","Herbivore"
"57","Praslin NE Patch3",2011,16,"Praslin NE Patch",4,"Recovering","Praslin NE Patch.2011","Gain","Herbivore"
"58","Praslin SW Carbonate3",2011,7,"Praslin SW Carbonate",-8,"Shifted","Praslin SW Carbonate.2011","Loss","Herbivore"
"59","Praslin SW Granite3",2011,22,"Praslin SW Granite",6,"Recovering","Praslin SW Granite.2011","Gain","Herbivore"
"60","Praslin SW Patch3",2011,22,"Praslin SW Patch",5,"Shifted","Praslin SW Patch.2011","Gain","Herbivore"
"61","Ste Anne Carbonate3",2011,8,"Ste Anne Carbonate",-7,"Shifted","Ste Anne Carbonate.2011","Loss","Herbivore"
"62","Ste Anne Granite3",2011,27,"Ste Anne Granite",15,"Recovering","Ste Anne Granite.2011","Gain","Herbivore"
"63","Ste Anne Patch3",2011,17,"Ste Anne Patch",-3,"Recovering","Ste Anne Patch.2011","Loss","Herbivore"
"64","Cousin Carbonate4",2014,12,"Cousin Carbonate",-9,"Shifted","Cousin Carbonate.2014","Loss","Herbivore"
"65","Cousin Granite4",2014,19,"Cousin Granite",2,"Shifted","Cousin Granite.2014","Gain","Herbivore"
"66","Cousin Patch4",2014,22,"Cousin Patch",6,"Shifted","Cousin Patch.2014","Gain","Herbivore"
"67","Mahe E Carbonate4",2014,16,"Mahe E Carbonate",-1,"Shifted","Mahe E Carbonate.2014","Loss","Herbivore"
"68","Mahe E Granite4",2014,15,"Mahe E Granite",6,"Shifted","Mahe E Granite.2014","Gain","Herbivore"
"69","Mahe E Patch4",2014,18,"Mahe E Patch",1,"Recovering","Mahe E Patch.2014","Gain","Herbivore"
"70","Mahe NW Carbonate4",2014,15,"Mahe NW Carbonate",3,"Recovering","Mahe NW Carbonate.2014","Gain","Herbivore"
"71","Mahe NW Granite4",2014,16,"Mahe NW Granite",2,"Recovering","Mahe NW Granite.2014","Gain","Herbivore"
"72","Mahe NW Patch4",2014,17,"Mahe NW Patch",7,"Recovering","Mahe NW Patch.2014","Gain","Herbivore"
"73","Mahe W Carbonate4",2014,14,"Mahe W Carbonate",3,"Recovering","Mahe W Carbonate.2014","Gain","Herbivore"
"74","Mahe W Granite4",2014,20,"Mahe W Granite",1,"Recovering","Mahe W Granite.2014","Gain","Herbivore"
"75","Mahe W Patch4",2014,15,"Mahe W Patch",-3,"Recovering","Mahe W Patch.2014","Loss","Herbivore"
"76","Praslin NE Carbonate4",2014,9,"Praslin NE Carbonate",-7,"Shifted","Praslin NE Carbonate.2014","Loss","Herbivore"
"77","Praslin NE Granite4",2014,22,"Praslin NE Granite",6,"Recovering","Praslin NE Granite.2014","Gain","Herbivore"
"78","Praslin NE Patch4",2014,13,"Praslin NE Patch",1,"Recovering","Praslin NE Patch.2014","Gain","Herbivore"
"79","Praslin SW Carbonate4",2014,19,"Praslin SW Carbonate",4,"Shifted","Praslin SW Carbonate.2014","Gain","Herbivore"
"80","Praslin SW Granite4",2014,24,"Praslin SW Granite",8,"Recovering","Praslin SW Granite.2014","Gain","Herbivore"
"81","Praslin SW Patch4",2014,21,"Praslin SW Patch",4,"Shifted","Praslin SW Patch.2014","Gain","Herbivore"
"82","Ste Anne Carbonate4",2014,17,"Ste Anne Carbonate",2,"Shifted","Ste Anne Carbonate.2014","Gain","Herbivore"
"83","Ste Anne Granite4",2014,27,"Ste Anne Granite",15,"Recovering","Ste Anne Granite.2014","Gain","Herbivore"
"84","Ste Anne Patch4",2014,10,"Ste Anne Patch",-10,"Recovering","Ste Anne Patch.2014","Loss","Herbivore"
"85","Mahe E Carbonate5",2017,17,"Mahe E Carbonate",0,"Shifted","Mahe E Carbonate.2017","Loss","Herbivore"
"86","Mahe E Granite5",2017,14,"Mahe E Granite",5,"Shifted","Mahe E Granite.2017","Gain","Herbivore"
"87","Mahe E Patch5",2017,16,"Mahe E Patch",-1,"Recovering","Mahe E Patch.2017","Loss","Herbivore"
"88","Mahe NW Carbonate5",2017,20,"Mahe NW Carbonate",8,"Recovering","Mahe NW Carbonate.2017","Gain","Herbivore"
"89","Mahe NW Granite5",2017,19,"Mahe NW Granite",5,"Recovering","Mahe NW Granite.2017","Gain","Herbivore"
"90","Mahe NW Patch5",2017,15,"Mahe NW Patch",5,"Recovering","Mahe NW Patch.2017","Gain","Herbivore"
"91","Mahe W Carbonate5",2017,21,"Mahe W Carbonate",10,"Recovering","Mahe W Carbonate.2017","Gain","Herbivore"
"92","Mahe W Granite5",2017,25,"Mahe W Granite",6,"Recovering","Mahe W Granite.2017","Gain","Herbivore"
"93","Mahe W Patch5",2017,16,"Mahe W Patch",-2,"Recovering","Mahe W Patch.2017","Loss","Herbivore"
"94","Praslin NE Carbonate5",2017,12,"Praslin NE Carbonate",-4,"Shifted","Praslin NE Carbonate.2017","Loss","Herbivore"
"95","Praslin NE Granite5",2017,30,"Praslin NE Granite",14,"Recovering","Praslin NE Granite.2017","Gain","Herbivore"
"96","Praslin NE Patch5",2017,14,"Praslin NE Patch",2,"Recovering","Praslin NE Patch.2017","Gain","Herbivore"
"97","Praslin SW Carbonate5",2017,16,"Praslin SW Carbonate",1,"Shifted","Praslin SW Carbonate.2017","Gain","Herbivore"
"98","Praslin SW Granite5",2017,24,"Praslin SW Granite",8,"Recovering","Praslin SW Granite.2017","Gain","Herbivore"
"99","Praslin SW Patch5",2017,21,"Praslin SW Patch",4,"Shifted","Praslin SW Patch.2017","Gain","Herbivore"
"100","Ste Anne Carbonate5",2017,13,"Ste Anne Carbonate",-2,"Shifted","Ste Anne Carbonate.2017","Loss","Herbivore"
"101","Ste Anne Granite5",2017,28,"Ste Anne Granite",16,"Recovering","Ste Anne Granite.2017","Gain","Herbivore"
"102","Ste Anne Patch5",2017,14,"Ste Anne Patch",-6,"Recovering","Ste Anne Patch.2017","Loss","Herbivore"
"103","Cousin Carbonate11",2005,0,"Cousin Carbonate",-2,"Shifted","Cousin Carbonate.2005","Loss","Planktivore"
"104","Cousin Granite11",2005,1,"Cousin Granite",-2,"Shifted","Cousin Granite.2005","Loss","Planktivore"
"105","Cousin Patch11",2005,0,"Cousin Patch",-2,"Shifted","Cousin Patch.2005","Loss","Planktivore"
"106","Mahe E Carbonate11",2005,0,"Mahe E Carbonate",-5,"Shifted","Mahe E Carbonate.2005","Loss","Planktivore"
"107","Mahe E Granite11",2005,1,"Mahe E Granite",0,"Shifted","Mahe E Granite.2005","Loss","Planktivore"
"108","Mahe E Patch11",2005,0,"Mahe E Patch",0,"Recovering","Mahe E Patch.2005","Loss","Planktivore"
"109","Mahe NW Carbonate11",2005,3,"Mahe NW Carbonate",-1,"Recovering","Mahe NW Carbonate.2005","Loss","Planktivore"
"110","Mahe NW Granite11",2005,3,"Mahe NW Granite",-1,"Recovering","Mahe NW Granite.2005","Loss","Planktivore"
"111","Mahe NW Patch11",2005,2,"Mahe NW Patch",0,"Recovering","Mahe NW Patch.2005","Loss","Planktivore"
"112","Mahe W Carbonate11",2005,1,"Mahe W Carbonate",-2,"Recovering","Mahe W Carbonate.2005","Loss","Planktivore"
"113","Mahe W Granite11",2005,2,"Mahe W Granite",1,"Recovering","Mahe W Granite.2005","Gain","Planktivore"
"114","Mahe W Patch11",2005,3,"Mahe W Patch",2,"Recovering","Mahe W Patch.2005","Gain","Planktivore"
"115","Praslin NE Carbonate11",2005,0,"Praslin NE Carbonate",-2,"Shifted","Praslin NE Carbonate.2005","Loss","Planktivore"
"116","Praslin NE Granite11",2005,1,"Praslin NE Granite",0,"Recovering","Praslin NE Granite.2005","Loss","Planktivore"
"117","Praslin NE Patch11",2005,1,"Praslin NE Patch",-1,"Recovering","Praslin NE Patch.2005","Loss","Planktivore"
"118","Praslin SW Carbonate11",2005,1,"Praslin SW Carbonate",-1,"Shifted","Praslin SW Carbonate.2005","Loss","Planktivore"
"119","Praslin SW Granite11",2005,2,"Praslin SW Granite",-1,"Recovering","Praslin SW Granite.2005","Loss","Planktivore"
"120","Praslin SW Patch11",2005,2,"Praslin SW Patch",1,"Shifted","Praslin SW Patch.2005","Gain","Planktivore"
"121","Ste Anne Carbonate11",2005,2,"Ste Anne Carbonate",-2,"Shifted","Ste Anne Carbonate.2005","Loss","Planktivore"
"122","Ste Anne Granite11",2005,1,"Ste Anne Granite",-3,"Recovering","Ste Anne Granite.2005","Loss","Planktivore"
"123","Ste Anne Patch11",2005,2,"Ste Anne Patch",0,"Recovering","Ste Anne Patch.2005","Loss","Planktivore"
"124","Cousin Carbonate21",2008,0,"Cousin Carbonate",-2,"Shifted","Cousin Carbonate.2008","Loss","Planktivore"
"125","Cousin Granite21",2008,1,"Cousin Granite",-2,"Shifted","Cousin Granite.2008","Loss","Planktivore"
"126","Cousin Patch21",2008,1,"Cousin Patch",-1,"Shifted","Cousin Patch.2008","Loss","Planktivore"
"127","Mahe E Carbonate21",2008,1,"Mahe E Carbonate",-4,"Shifted","Mahe E Carbonate.2008","Loss","Planktivore"
"128","Mahe E Granite21",2008,1,"Mahe E Granite",0,"Shifted","Mahe E Granite.2008","Loss","Planktivore"
"129","Mahe E Patch21",2008,1,"Mahe E Patch",1,"Recovering","Mahe E Patch.2008","Gain","Planktivore"
"130","Mahe NW Carbonate21",2008,3,"Mahe NW Carbonate",-1,"Recovering","Mahe NW Carbonate.2008","Loss","Planktivore"
"131","Mahe NW Granite21",2008,3,"Mahe NW Granite",-1,"Recovering","Mahe NW Granite.2008","Loss","Planktivore"
"132","Mahe NW Patch21",2008,1,"Mahe NW Patch",-1,"Recovering","Mahe NW Patch.2008","Loss","Planktivore"
"133","Mahe W Carbonate21",2008,3,"Mahe W Carbonate",0,"Recovering","Mahe W Carbonate.2008","Loss","Planktivore"
"134","Mahe W Granite21",2008,1,"Mahe W Granite",0,"Recovering","Mahe W Granite.2008","Loss","Planktivore"
"135","Mahe W Patch21",2008,4,"Mahe W Patch",3,"Recovering","Mahe W Patch.2008","Gain","Planktivore"
"136","Praslin NE Carbonate21",2008,2,"Praslin NE Carbonate",0,"Shifted","Praslin NE Carbonate.2008","Loss","Planktivore"
"137","Praslin NE Granite21",2008,5,"Praslin NE Granite",4,"Recovering","Praslin NE Granite.2008","Gain","Planktivore"
"138","Praslin NE Patch21",2008,2,"Praslin NE Patch",0,"Recovering","Praslin NE Patch.2008","Loss","Planktivore"
"139","Praslin SW Carbonate21",2008,1,"Praslin SW Carbonate",-1,"Shifted","Praslin SW Carbonate.2008","Loss","Planktivore"
"140","Praslin SW Granite21",2008,2,"Praslin SW Granite",-1,"Recovering","Praslin SW Granite.2008","Loss","Planktivore"
"141","Praslin SW Patch21",2008,3,"Praslin SW Patch",2,"Shifted","Praslin SW Patch.2008","Gain","Planktivore"
"142","Ste Anne Carbonate21",2008,3,"Ste Anne Carbonate",-1,"Shifted","Ste Anne Carbonate.2008","Loss","Planktivore"
"143","Ste Anne Granite21",2008,1,"Ste Anne Granite",-3,"Recovering","Ste Anne Granite.2008","Loss","Planktivore"
"144","Ste Anne Patch21",2008,2,"Ste Anne Patch",0,"Recovering","Ste Anne Patch.2008","Loss","Planktivore"
"145","Cousin Carbonate31",2011,0,"Cousin Carbonate",-2,"Shifted","Cousin Carbonate.2011","Loss","Planktivore"
"146","Cousin Granite31",2011,1,"Cousin Granite",-2,"Shifted","Cousin Granite.2011","Loss","Planktivore"
"147","Cousin Patch31",2011,1,"Cousin Patch",-1,"Shifted","Cousin Patch.2011","Loss","Planktivore"
"148","Mahe E Carbonate31",2011,0,"Mahe E Carbonate",-5,"Shifted","Mahe E Carbonate.2011","Loss","Planktivore"
"149","Mahe E Granite31",2011,0,"Mahe E Granite",-1,"Shifted","Mahe E Granite.2011","Loss","Planktivore"
"150","Mahe E Patch31",2011,1,"Mahe E Patch",1,"Recovering","Mahe E Patch.2011","Gain","Planktivore"
"151","Mahe NW Carbonate31",2011,1,"Mahe NW Carbonate",-3,"Recovering","Mahe NW Carbonate.2011","Loss","Planktivore"
"152","Mahe NW Granite31",2011,3,"Mahe NW Granite",-1,"Recovering","Mahe NW Granite.2011","Loss","Planktivore"
"153","Mahe NW Patch31",2011,4,"Mahe NW Patch",2,"Recovering","Mahe NW Patch.2011","Gain","Planktivore"
"154","Mahe W Carbonate31",2011,5,"Mahe W Carbonate",2,"Recovering","Mahe W Carbonate.2011","Gain","Planktivore"
"155","Mahe W Granite31",2011,2,"Mahe W Granite",1,"Recovering","Mahe W Granite.2011","Gain","Planktivore"
"156","Mahe W Patch31",2011,5,"Mahe W Patch",4,"Recovering","Mahe W Patch.2011","Gain","Planktivore"
"157","Praslin NE Carbonate31",2011,0,"Praslin NE Carbonate",-2,"Shifted","Praslin NE Carbonate.2011","Loss","Planktivore"
"158","Praslin NE Granite31",2011,1,"Praslin NE Granite",0,"Recovering","Praslin NE Granite.2011","Loss","Planktivore"
"159","Praslin NE Patch31",2011,1,"Praslin NE Patch",-1,"Recovering","Praslin NE Patch.2011","Loss","Planktivore"
"160","Praslin SW Carbonate31",2011,0,"Praslin SW Carbonate",-2,"Shifted","Praslin SW Carbonate.2011","Loss","Planktivore"
"161","Praslin SW Granite31",2011,1,"Praslin SW Granite",-2,"Recovering","Praslin SW Granite.2011","Loss","Planktivore"
"162","Praslin SW Patch31",2011,1,"Praslin SW Patch",0,"Shifted","Praslin SW Patch.2011","Loss","Planktivore"
"163","Ste Anne Carbonate31",2011,0,"Ste Anne Carbonate",-4,"Shifted","Ste Anne Carbonate.2011","Loss","Planktivore"
"164","Ste Anne Granite31",2011,1,"Ste Anne Granite",-3,"Recovering","Ste Anne Granite.2011","Loss","Planktivore"
"165","Ste Anne Patch31",2011,4,"Ste Anne Patch",2,"Recovering","Ste Anne Patch.2011","Gain","Planktivore"
"166","Cousin Carbonate41",2014,0,"Cousin Carbonate",-2,"Shifted","Cousin Carbonate.2014","Loss","Planktivore"
"167","Cousin Granite41",2014,0,"Cousin Granite",-3,"Shifted","Cousin Granite.2014","Loss","Planktivore"
"168","Cousin Patch41",2014,1,"Cousin Patch",-1,"Shifted","Cousin Patch.2014","Loss","Planktivore"
"169","Mahe E Carbonate41",2014,0,"Mahe E Carbonate",-5,"Shifted","Mahe E Carbonate.2014","Loss","Planktivore"
"170","Mahe E Granite41",2014,0,"Mahe E Granite",-1,"Shifted","Mahe E Granite.2014","Loss","Planktivore"
"171","Mahe E Patch41",2014,1,"Mahe E Patch",1,"Recovering","Mahe E Patch.2014","Gain","Planktivore"
"172","Mahe NW Carbonate41",2014,3,"Mahe NW Carbonate",-1,"Recovering","Mahe NW Carbonate.2014","Loss","Planktivore"
"173","Mahe NW Granite41",2014,2,"Mahe NW Granite",-2,"Recovering","Mahe NW Granite.2014","Loss","Planktivore"
"174","Mahe NW Patch41",2014,2,"Mahe NW Patch",0,"Recovering","Mahe NW Patch.2014","Loss","Planktivore"
"175","Mahe W Carbonate41",2014,3,"Mahe W Carbonate",0,"Recovering","Mahe W Carbonate.2014","Loss","Planktivore"
"176","Mahe W Granite41",2014,1,"Mahe W Granite",0,"Recovering","Mahe W Granite.2014","Loss","Planktivore"
"177","Mahe W Patch41",2014,3,"Mahe W Patch",2,"Recovering","Mahe W Patch.2014","Gain","Planktivore"
"178","Praslin NE Carbonate41",2014,0,"Praslin NE Carbonate",-2,"Shifted","Praslin NE Carbonate.2014","Loss","Planktivore"
"179","Praslin NE Granite41",2014,2,"Praslin NE Granite",1,"Recovering","Praslin NE Granite.2014","Gain","Planktivore"
"180","Praslin NE Patch41",2014,3,"Praslin NE Patch",1,"Recovering","Praslin NE Patch.2014","Gain","Planktivore"
"181","Praslin SW Carbonate41",2014,0,"Praslin SW Carbonate",-2,"Shifted","Praslin SW Carbonate.2014","Loss","Planktivore"
"182","Praslin SW Granite41",2014,2,"Praslin SW Granite",-1,"Recovering","Praslin SW Granite.2014","Loss","Planktivore"
"183","Praslin SW Patch41",2014,1,"Praslin SW Patch",0,"Shifted","Praslin SW Patch.2014","Loss","Planktivore"
"184","Ste Anne Carbonate41",2014,2,"Ste Anne Carbonate",-2,"Shifted","Ste Anne Carbonate.2014","Loss","Planktivore"
"185","Ste Anne Granite41",2014,1,"Ste Anne Granite",-3,"Recovering","Ste Anne Granite.2014","Loss","Planktivore"
"186","Ste Anne Patch41",2014,4,"Ste Anne Patch",2,"Recovering","Ste Anne Patch.2014","Gain","Planktivore"
"187","Mahe E Carbonate51",2017,0,"Mahe E Carbonate",-5,"Shifted","Mahe E Carbonate.2017","Loss","Planktivore"
"188","Mahe E Granite51",2017,0,"Mahe E Granite",-1,"Shifted","Mahe E Granite.2017","Loss","Planktivore"
"189","Mahe E Patch51",2017,0,"Mahe E Patch",0,"Recovering","Mahe E Patch.2017","Loss","Planktivore"
"190","Mahe NW Carbonate51",2017,3,"Mahe NW Carbonate",-1,"Recovering","Mahe NW Carbonate.2017","Loss","Planktivore"
"191","Mahe NW Granite51",2017,3,"Mahe NW Granite",-1,"Recovering","Mahe NW Granite.2017","Loss","Planktivore"
"192","Mahe NW Patch51",2017,1,"Mahe NW Patch",-1,"Recovering","Mahe NW Patch.2017","Loss","Planktivore"
"193","Mahe W Carbonate51",2017,3,"Mahe W Carbonate",0,"Recovering","Mahe W Carbonate.2017","Loss","Planktivore"
"194","Mahe W Granite51",2017,2,"Mahe W Granite",1,"Recovering","Mahe W Granite.2017","Gain","Planktivore"
"195","Mahe W Patch51",2017,3,"Mahe W Patch",2,"Recovering","Mahe W Patch.2017","Gain","Planktivore"
"196","Praslin NE Carbonate51",2017,1,"Praslin NE Carbonate",-1,"Shifted","Praslin NE Carbonate.2017","Loss","Planktivore"
"197","Praslin NE Granite51",2017,2,"Praslin NE Granite",1,"Recovering","Praslin NE Granite.2017","Gain","Planktivore"
"198","Praslin NE Patch51",2017,3,"Praslin NE Patch",1,"Recovering","Praslin NE Patch.2017","Gain","Planktivore"
"199","Praslin SW Carbonate51",2017,1,"Praslin SW Carbonate",-1,"Shifted","Praslin SW Carbonate.2017","Loss","Planktivore"
"200","Praslin SW Granite51",2017,3,"Praslin SW Granite",0,"Recovering","Praslin SW Granite.2017","Loss","Planktivore"
"201","Praslin SW Patch51",2017,1,"Praslin SW Patch",0,"Shifted","Praslin SW Patch.2017","Loss","Planktivore"
"202","Ste Anne Carbonate51",2017,0,"Ste Anne Carbonate",-4,"Shifted","Ste Anne Carbonate.2017","Loss","Planktivore"
"203","Ste Anne Granite51",2017,1,"Ste Anne Granite",-3,"Recovering","Ste Anne Granite.2017","Loss","Planktivore"
"204","Ste Anne Patch51",2017,2,"Ste Anne Patch",0,"Recovering","Ste Anne Patch.2017","Loss","Planktivore"
"205","Cousin Carbonate12",2005,13,"Cousin Carbonate",-9,"Shifted","Cousin Carbonate.2005","Loss","Invertivore"
"206","Cousin Granite12",2005,16,"Cousin Granite",-7,"Shifted","Cousin Granite.2005","Loss","Invertivore"
"207","Cousin Patch12",2005,20,"Cousin Patch",-2,"Shifted","Cousin Patch.2005","Loss","Invertivore"
"208","Mahe E Carbonate12",2005,15,"Mahe E Carbonate",-5,"Shifted","Mahe E Carbonate.2005","Loss","Invertivore"
"209","Mahe E Granite12",2005,18,"Mahe E Granite",1,"Shifted","Mahe E Granite.2005","Gain","Invertivore"
"210","Mahe E Patch12",2005,19,"Mahe E Patch",-4,"Recovering","Mahe E Patch.2005","Loss","Invertivore"
"211","Mahe NW Carbonate12",2005,17,"Mahe NW Carbonate",-3,"Recovering","Mahe NW Carbonate.2005","Loss","Invertivore"
"212","Mahe NW Granite12",2005,21,"Mahe NW Granite",-2,"Recovering","Mahe NW Granite.2005","Loss","Invertivore"
"213","Mahe NW Patch12",2005,16,"Mahe NW Patch",0,"Recovering","Mahe NW Patch.2005","Loss","Invertivore"
"214","Mahe W Carbonate12",2005,20,"Mahe W Carbonate",2,"Recovering","Mahe W Carbonate.2005","Gain","Invertivore"
"215","Mahe W Granite12",2005,19,"Mahe W Granite",2,"Recovering","Mahe W Granite.2005","Gain","Invertivore"
"216","Mahe W Patch12",2005,21,"Mahe W Patch",3,"Recovering","Mahe W Patch.2005","Gain","Invertivore"
"217","Praslin NE Carbonate12",2005,16,"Praslin NE Carbonate",-6,"Shifted","Praslin NE Carbonate.2005","Loss","Invertivore"
"218","Praslin NE Granite12",2005,19,"Praslin NE Granite",-2,"Recovering","Praslin NE Granite.2005","Loss","Invertivore"
"219","Praslin NE Patch12",2005,22,"Praslin NE Patch",0,"Recovering","Praslin NE Patch.2005","Loss","Invertivore"
"220","Praslin SW Carbonate12",2005,13,"Praslin SW Carbonate",-3,"Shifted","Praslin SW Carbonate.2005","Loss","Invertivore"
"221","Praslin SW Granite12",2005,16,"Praslin SW Granite",-7,"Recovering","Praslin SW Granite.2005","Loss","Invertivore"
"222","Praslin SW Patch12",2005,15,"Praslin SW Patch",-2,"Shifted","Praslin SW Patch.2005","Loss","Invertivore"
"223","Ste Anne Carbonate12",2005,17,"Ste Anne Carbonate",-5,"Shifted","Ste Anne Carbonate.2005","Loss","Invertivore"
"224","Ste Anne Granite12",2005,21,"Ste Anne Granite",0,"Recovering","Ste Anne Granite.2005","Loss","Invertivore"
"225","Ste Anne Patch12",2005,16,"Ste Anne Patch",-6,"Recovering","Ste Anne Patch.2005","Loss","Invertivore"
"226","Cousin Carbonate22",2008,15,"Cousin Carbonate",-7,"Shifted","Cousin Carbonate.2008","Loss","Invertivore"
"227","Cousin Granite22",2008,17,"Cousin Granite",-6,"Shifted","Cousin Granite.2008","Loss","Invertivore"
"228","Cousin Patch22",2008,16,"Cousin Patch",-6,"Shifted","Cousin Patch.2008","Loss","Invertivore"
"229","Mahe E Carbonate22",2008,22,"Mahe E Carbonate",2,"Shifted","Mahe E Carbonate.2008","Gain","Invertivore"
"230","Mahe E Granite22",2008,20,"Mahe E Granite",3,"Shifted","Mahe E Granite.2008","Gain","Invertivore"
"231","Mahe E Patch22",2008,18,"Mahe E Patch",-5,"Recovering","Mahe E Patch.2008","Loss","Invertivore"
"232","Mahe NW Carbonate22",2008,23,"Mahe NW Carbonate",3,"Recovering","Mahe NW Carbonate.2008","Gain","Invertivore"
"233","Mahe NW Granite22",2008,20,"Mahe NW Granite",-3,"Recovering","Mahe NW Granite.2008","Loss","Invertivore"
"234","Mahe NW Patch22",2008,18,"Mahe NW Patch",2,"Recovering","Mahe NW Patch.2008","Gain","Invertivore"
"235","Mahe W Carbonate22",2008,20,"Mahe W Carbonate",2,"Recovering","Mahe W Carbonate.2008","Gain","Invertivore"
"236","Mahe W Granite22",2008,18,"Mahe W Granite",1,"Recovering","Mahe W Granite.2008","Gain","Invertivore"
"237","Mahe W Patch22",2008,19,"Mahe W Patch",1,"Recovering","Mahe W Patch.2008","Gain","Invertivore"
"238","Praslin NE Carbonate22",2008,11,"Praslin NE Carbonate",-11,"Shifted","Praslin NE Carbonate.2008","Loss","Invertivore"
"239","Praslin NE Granite22",2008,23,"Praslin NE Granite",2,"Recovering","Praslin NE Granite.2008","Gain","Invertivore"
"240","Praslin NE Patch22",2008,23,"Praslin NE Patch",1,"Recovering","Praslin NE Patch.2008","Gain","Invertivore"
"241","Praslin SW Carbonate22",2008,17,"Praslin SW Carbonate",1,"Shifted","Praslin SW Carbonate.2008","Gain","Invertivore"
"242","Praslin SW Granite22",2008,19,"Praslin SW Granite",-4,"Recovering","Praslin SW Granite.2008","Loss","Invertivore"
"243","Praslin SW Patch22",2008,19,"Praslin SW Patch",2,"Shifted","Praslin SW Patch.2008","Gain","Invertivore"
"244","Ste Anne Carbonate22",2008,24,"Ste Anne Carbonate",2,"Shifted","Ste Anne Carbonate.2008","Gain","Invertivore"
"245","Ste Anne Granite22",2008,22,"Ste Anne Granite",1,"Recovering","Ste Anne Granite.2008","Gain","Invertivore"
"246","Ste Anne Patch22",2008,17,"Ste Anne Patch",-5,"Recovering","Ste Anne Patch.2008","Loss","Invertivore"
"247","Cousin Carbonate32",2011,16,"Cousin Carbonate",-6,"Shifted","Cousin Carbonate.2011","Loss","Invertivore"
"248","Cousin Granite32",2011,16,"Cousin Granite",-7,"Shifted","Cousin Granite.2011","Loss","Invertivore"
"249","Cousin Patch32",2011,20,"Cousin Patch",-2,"Shifted","Cousin Patch.2011","Loss","Invertivore"
"250","Mahe E Carbonate32",2011,15,"Mahe E Carbonate",-5,"Shifted","Mahe E Carbonate.2011","Loss","Invertivore"
"251","Mahe E Granite32",2011,15,"Mahe E Granite",-2,"Shifted","Mahe E Granite.2011","Loss","Invertivore"
"252","Mahe E Patch32",2011,16,"Mahe E Patch",-7,"Recovering","Mahe E Patch.2011","Loss","Invertivore"
"253","Mahe NW Carbonate32",2011,22,"Mahe NW Carbonate",2,"Recovering","Mahe NW Carbonate.2011","Gain","Invertivore"
"254","Mahe NW Granite32",2011,21,"Mahe NW Granite",-2,"Recovering","Mahe NW Granite.2011","Loss","Invertivore"
"255","Mahe NW Patch32",2011,22,"Mahe NW Patch",6,"Recovering","Mahe NW Patch.2011","Gain","Invertivore"
"256","Mahe W Carbonate32",2011,24,"Mahe W Carbonate",6,"Recovering","Mahe W Carbonate.2011","Gain","Invertivore"
"257","Mahe W Granite32",2011,22,"Mahe W Granite",5,"Recovering","Mahe W Granite.2011","Gain","Invertivore"
"258","Mahe W Patch32",2011,23,"Mahe W Patch",5,"Recovering","Mahe W Patch.2011","Gain","Invertivore"
"259","Praslin NE Carbonate32",2011,11,"Praslin NE Carbonate",-11,"Shifted","Praslin NE Carbonate.2011","Loss","Invertivore"
"260","Praslin NE Granite32",2011,22,"Praslin NE Granite",1,"Recovering","Praslin NE Granite.2011","Gain","Invertivore"
"261","Praslin NE Patch32",2011,23,"Praslin NE Patch",1,"Recovering","Praslin NE Patch.2011","Gain","Invertivore"
"262","Praslin SW Carbonate32",2011,20,"Praslin SW Carbonate",4,"Shifted","Praslin SW Carbonate.2011","Gain","Invertivore"
"263","Praslin SW Granite32",2011,19,"Praslin SW Granite",-4,"Recovering","Praslin SW Granite.2011","Loss","Invertivore"
"264","Praslin SW Patch32",2011,17,"Praslin SW Patch",0,"Shifted","Praslin SW Patch.2011","Loss","Invertivore"
"265","Ste Anne Carbonate32",2011,11,"Ste Anne Carbonate",-11,"Shifted","Ste Anne Carbonate.2011","Loss","Invertivore"
"266","Ste Anne Granite32",2011,18,"Ste Anne Granite",-3,"Recovering","Ste Anne Granite.2011","Loss","Invertivore"
"267","Ste Anne Patch32",2011,24,"Ste Anne Patch",2,"Recovering","Ste Anne Patch.2011","Gain","Invertivore"
"268","Cousin Carbonate42",2014,15,"Cousin Carbonate",-7,"Shifted","Cousin Carbonate.2014","Loss","Invertivore"
"269","Cousin Granite42",2014,17,"Cousin Granite",-6,"Shifted","Cousin Granite.2014","Loss","Invertivore"
"270","Cousin Patch42",2014,16,"Cousin Patch",-6,"Shifted","Cousin Patch.2014","Loss","Invertivore"
"271","Mahe E Carbonate42",2014,18,"Mahe E Carbonate",-2,"Shifted","Mahe E Carbonate.2014","Loss","Invertivore"
"272","Mahe E Granite42",2014,15,"Mahe E Granite",-2,"Shifted","Mahe E Granite.2014","Loss","Invertivore"
"273","Mahe E Patch42",2014,20,"Mahe E Patch",-3,"Recovering","Mahe E Patch.2014","Loss","Invertivore"
"274","Mahe NW Carbonate42",2014,25,"Mahe NW Carbonate",5,"Recovering","Mahe NW Carbonate.2014","Gain","Invertivore"
"275","Mahe NW Granite42",2014,21,"Mahe NW Granite",-2,"Recovering","Mahe NW Granite.2014","Loss","Invertivore"
"276","Mahe NW Patch42",2014,25,"Mahe NW Patch",9,"Recovering","Mahe NW Patch.2014","Gain","Invertivore"
"277","Mahe W Carbonate42",2014,25,"Mahe W Carbonate",7,"Recovering","Mahe W Carbonate.2014","Gain","Invertivore"
"278","Mahe W Granite42",2014,23,"Mahe W Granite",6,"Recovering","Mahe W Granite.2014","Gain","Invertivore"
"279","Mahe W Patch42",2014,20,"Mahe W Patch",2,"Recovering","Mahe W Patch.2014","Gain","Invertivore"
"280","Praslin NE Carbonate42",2014,9,"Praslin NE Carbonate",-13,"Shifted","Praslin NE Carbonate.2014","Loss","Invertivore"
"281","Praslin NE Granite42",2014,24,"Praslin NE Granite",3,"Recovering","Praslin NE Granite.2014","Gain","Invertivore"
"282","Praslin NE Patch42",2014,18,"Praslin NE Patch",-4,"Recovering","Praslin NE Patch.2014","Loss","Invertivore"
"283","Praslin SW Carbonate42",2014,19,"Praslin SW Carbonate",3,"Shifted","Praslin SW Carbonate.2014","Gain","Invertivore"
"284","Praslin SW Granite42",2014,21,"Praslin SW Granite",-2,"Recovering","Praslin SW Granite.2014","Loss","Invertivore"
"285","Praslin SW Patch42",2014,15,"Praslin SW Patch",-2,"Shifted","Praslin SW Patch.2014","Loss","Invertivore"
"286","Ste Anne Carbonate42",2014,17,"Ste Anne Carbonate",-5,"Shifted","Ste Anne Carbonate.2014","Loss","Invertivore"
"287","Ste Anne Granite42",2014,21,"Ste Anne Granite",0,"Recovering","Ste Anne Granite.2014","Loss","Invertivore"
"288","Ste Anne Patch42",2014,19,"Ste Anne Patch",-3,"Recovering","Ste Anne Patch.2014","Loss","Invertivore"
"289","Mahe E Carbonate52",2017,14,"Mahe E Carbonate",-6,"Shifted","Mahe E Carbonate.2017","Loss","Invertivore"
"290","Mahe E Granite52",2017,14,"Mahe E Granite",-3,"Shifted","Mahe E Granite.2017","Loss","Invertivore"
"291","Mahe E Patch52",2017,21,"Mahe E Patch",-2,"Recovering","Mahe E Patch.2017","Loss","Invertivore"
"292","Mahe NW Carbonate52",2017,24,"Mahe NW Carbonate",4,"Recovering","Mahe NW Carbonate.2017","Gain","Invertivore"
"293","Mahe NW Granite52",2017,23,"Mahe NW Granite",0,"Recovering","Mahe NW Granite.2017","Loss","Invertivore"
"294","Mahe NW Patch52",2017,19,"Mahe NW Patch",3,"Recovering","Mahe NW Patch.2017","Gain","Invertivore"
"295","Mahe W Carbonate52",2017,18,"Mahe W Carbonate",0,"Recovering","Mahe W Carbonate.2017","Loss","Invertivore"
"296","Mahe W Granite52",2017,20,"Mahe W Granite",3,"Recovering","Mahe W Granite.2017","Gain","Invertivore"
"297","Mahe W Patch52",2017,20,"Mahe W Patch",2,"Recovering","Mahe W Patch.2017","Gain","Invertivore"
"298","Praslin NE Carbonate52",2017,13,"Praslin NE Carbonate",-9,"Shifted","Praslin NE Carbonate.2017","Loss","Invertivore"
"299","Praslin NE Granite52",2017,20,"Praslin NE Granite",-1,"Recovering","Praslin NE Granite.2017","Loss","Invertivore"
"300","Praslin NE Patch52",2017,17,"Praslin NE Patch",-5,"Recovering","Praslin NE Patch.2017","Loss","Invertivore"
"301","Praslin SW Carbonate52",2017,17,"Praslin SW Carbonate",1,"Shifted","Praslin SW Carbonate.2017","Gain","Invertivore"
"302","Praslin SW Granite52",2017,22,"Praslin SW Granite",-1,"Recovering","Praslin SW Granite.2017","Loss","Invertivore"
"303","Praslin SW Patch52",2017,17,"Praslin SW Patch",0,"Shifted","Praslin SW Patch.2017","Loss","Invertivore"
"304","Ste Anne Carbonate52",2017,15,"Ste Anne Carbonate",-7,"Shifted","Ste Anne Carbonate.2017","Loss","Invertivore"
"305","Ste Anne Granite52",2017,21,"Ste Anne Granite",0,"Recovering","Ste Anne Granite.2017","Loss","Invertivore"
"306","Ste Anne Patch52",2017,22,"Ste Anne Patch",0,"Recovering","Ste Anne Patch.2017","Loss","Invertivore"
"307","Cousin Carbonate13",2005,4,"Cousin Carbonate",-4,"Shifted","Cousin Carbonate.2005","Loss","Mixed-diet Feeder"
"308","Cousin Granite13",2005,5,"Cousin Granite",-10,"Shifted","Cousin Granite.2005","Loss","Mixed-diet Feeder"
"309","Cousin Patch13",2005,5,"Cousin Patch",-5,"Shifted","Cousin Patch.2005","Loss","Mixed-diet Feeder"
"310","Mahe E Carbonate13",2005,4,"Mahe E Carbonate",-6,"Shifted","Mahe E Carbonate.2005","Loss","Mixed-diet Feeder"
"311","Mahe E Granite13",2005,4,"Mahe E Granite",-5,"Shifted","Mahe E Granite.2005","Loss","Mixed-diet Feeder"
"312","Mahe E Patch13",2005,7,"Mahe E Patch",-3,"Recovering","Mahe E Patch.2005","Loss","Mixed-diet Feeder"
"313","Mahe NW Carbonate13",2005,9,"Mahe NW Carbonate",2,"Recovering","Mahe NW Carbonate.2005","Gain","Mixed-diet Feeder"
"314","Mahe NW Granite13",2005,6,"Mahe NW Granite",-1,"Recovering","Mahe NW Granite.2005","Loss","Mixed-diet Feeder"
"315","Mahe NW Patch13",2005,5,"Mahe NW Patch",2,"Recovering","Mahe NW Patch.2005","Gain","Mixed-diet Feeder"
"316","Mahe W Carbonate13",2005,5,"Mahe W Carbonate",1,"Recovering","Mahe W Carbonate.2005","Gain","Mixed-diet Feeder"
"317","Mahe W Granite13",2005,8,"Mahe W Granite",0,"Recovering","Mahe W Granite.2005","Loss","Mixed-diet Feeder"
"318","Mahe W Patch13",2005,3,"Mahe W Patch",-6,"Recovering","Mahe W Patch.2005","Loss","Mixed-diet Feeder"
"319","Praslin NE Carbonate13",2005,9,"Praslin NE Carbonate",-3,"Shifted","Praslin NE Carbonate.2005","Loss","Mixed-diet Feeder"
"320","Praslin NE Granite13",2005,11,"Praslin NE Granite",-3,"Recovering","Praslin NE Granite.2005","Loss","Mixed-diet Feeder"
"321","Praslin NE Patch13",2005,10,"Praslin NE Patch",2,"Recovering","Praslin NE Patch.2005","Gain","Mixed-diet Feeder"
"322","Praslin SW Carbonate13",2005,7,"Praslin SW Carbonate",3,"Shifted","Praslin SW Carbonate.2005","Gain","Mixed-diet Feeder"
"323","Praslin SW Granite13",2005,10,"Praslin SW Granite",2,"Recovering","Praslin SW Granite.2005","Gain","Mixed-diet Feeder"
"324","Praslin SW Patch13",2005,5,"Praslin SW Patch",-1,"Shifted","Praslin SW Patch.2005","Loss","Mixed-diet Feeder"
"325","Ste Anne Carbonate13",2005,12,"Ste Anne Carbonate",2,"Shifted","Ste Anne Carbonate.2005","Gain","Mixed-diet Feeder"
"326","Ste Anne Granite13",2005,12,"Ste Anne Granite",4,"Recovering","Ste Anne Granite.2005","Gain","Mixed-diet Feeder"
"327","Ste Anne Patch13",2005,6,"Ste Anne Patch",-2,"Recovering","Ste Anne Patch.2005","Loss","Mixed-diet Feeder"
"328","Cousin Carbonate23",2008,7,"Cousin Carbonate",-1,"Shifted","Cousin Carbonate.2008","Loss","Mixed-diet Feeder"
"329","Cousin Granite23",2008,11,"Cousin Granite",-4,"Shifted","Cousin Granite.2008","Loss","Mixed-diet Feeder"
"330","Cousin Patch23",2008,7,"Cousin Patch",-3,"Shifted","Cousin Patch.2008","Loss","Mixed-diet Feeder"
"331","Mahe E Carbonate23",2008,12,"Mahe E Carbonate",2,"Shifted","Mahe E Carbonate.2008","Gain","Mixed-diet Feeder"
"332","Mahe E Granite23",2008,6,"Mahe E Granite",-3,"Shifted","Mahe E Granite.2008","Loss","Mixed-diet Feeder"
"333","Mahe E Patch23",2008,9,"Mahe E Patch",-1,"Recovering","Mahe E Patch.2008","Loss","Mixed-diet Feeder"
"334","Mahe NW Carbonate23",2008,11,"Mahe NW Carbonate",4,"Recovering","Mahe NW Carbonate.2008","Gain","Mixed-diet Feeder"
"335","Mahe NW Granite23",2008,9,"Mahe NW Granite",2,"Recovering","Mahe NW Granite.2008","Gain","Mixed-diet Feeder"
"336","Mahe NW Patch23",2008,7,"Mahe NW Patch",4,"Recovering","Mahe NW Patch.2008","Gain","Mixed-diet Feeder"
"337","Mahe W Carbonate23",2008,7,"Mahe W Carbonate",3,"Recovering","Mahe W Carbonate.2008","Gain","Mixed-diet Feeder"
"338","Mahe W Granite23",2008,8,"Mahe W Granite",0,"Recovering","Mahe W Granite.2008","Loss","Mixed-diet Feeder"
"339","Mahe W Patch23",2008,7,"Mahe W Patch",-2,"Recovering","Mahe W Patch.2008","Loss","Mixed-diet Feeder"
"340","Praslin NE Carbonate23",2008,7,"Praslin NE Carbonate",-5,"Shifted","Praslin NE Carbonate.2008","Loss","Mixed-diet Feeder"
"341","Praslin NE Granite23",2008,16,"Praslin NE Granite",2,"Recovering","Praslin NE Granite.2008","Gain","Mixed-diet Feeder"
"342","Praslin NE Patch23",2008,7,"Praslin NE Patch",-1,"Recovering","Praslin NE Patch.2008","Loss","Mixed-diet Feeder"
"343","Praslin SW Carbonate23",2008,4,"Praslin SW Carbonate",0,"Shifted","Praslin SW Carbonate.2008","Loss","Mixed-diet Feeder"
"344","Praslin SW Granite23",2008,12,"Praslin SW Granite",4,"Recovering","Praslin SW Granite.2008","Gain","Mixed-diet Feeder"
"345","Praslin SW Patch23",2008,10,"Praslin SW Patch",4,"Shifted","Praslin SW Patch.2008","Gain","Mixed-diet Feeder"
"346","Ste Anne Carbonate23",2008,8,"Ste Anne Carbonate",-2,"Shifted","Ste Anne Carbonate.2008","Loss","Mixed-diet Feeder"
"347","Ste Anne Granite23",2008,12,"Ste Anne Granite",4,"Recovering","Ste Anne Granite.2008","Gain","Mixed-diet Feeder"
"348","Ste Anne Patch23",2008,10,"Ste Anne Patch",2,"Recovering","Ste Anne Patch.2008","Gain","Mixed-diet Feeder"
"349","Cousin Carbonate33",2011,7,"Cousin Carbonate",-1,"Shifted","Cousin Carbonate.2011","Loss","Mixed-diet Feeder"
"350","Cousin Granite33",2011,7,"Cousin Granite",-8,"Shifted","Cousin Granite.2011","Loss","Mixed-diet Feeder"
"351","Cousin Patch33",2011,5,"Cousin Patch",-5,"Shifted","Cousin Patch.2011","Loss","Mixed-diet Feeder"
"352","Mahe E Carbonate33",2011,2,"Mahe E Carbonate",-8,"Shifted","Mahe E Carbonate.2011","Loss","Mixed-diet Feeder"
"353","Mahe E Granite33",2011,5,"Mahe E Granite",-4,"Shifted","Mahe E Granite.2011","Loss","Mixed-diet Feeder"
"354","Mahe E Patch33",2011,6,"Mahe E Patch",-4,"Recovering","Mahe E Patch.2011","Loss","Mixed-diet Feeder"
"355","Mahe NW Carbonate33",2011,8,"Mahe NW Carbonate",1,"Recovering","Mahe NW Carbonate.2011","Gain","Mixed-diet Feeder"
"356","Mahe NW Granite33",2011,9,"Mahe NW Granite",2,"Recovering","Mahe NW Granite.2011","Gain","Mixed-diet Feeder"
"357","Mahe NW Patch33",2011,7,"Mahe NW Patch",4,"Recovering","Mahe NW Patch.2011","Gain","Mixed-diet Feeder"
"358","Mahe W Carbonate33",2011,10,"Mahe W Carbonate",6,"Recovering","Mahe W Carbonate.2011","Gain","Mixed-diet Feeder"
"359","Mahe W Granite33",2011,11,"Mahe W Granite",3,"Recovering","Mahe W Granite.2011","Gain","Mixed-diet Feeder"
"360","Mahe W Patch33",2011,4,"Mahe W Patch",-5,"Recovering","Mahe W Patch.2011","Loss","Mixed-diet Feeder"
"361","Praslin NE Carbonate33",2011,9,"Praslin NE Carbonate",-3,"Shifted","Praslin NE Carbonate.2011","Loss","Mixed-diet Feeder"
"362","Praslin NE Granite33",2011,13,"Praslin NE Granite",-1,"Recovering","Praslin NE Granite.2011","Loss","Mixed-diet Feeder"
"363","Praslin NE Patch33",2011,11,"Praslin NE Patch",3,"Recovering","Praslin NE Patch.2011","Gain","Mixed-diet Feeder"
"364","Praslin SW Carbonate33",2011,3,"Praslin SW Carbonate",-1,"Shifted","Praslin SW Carbonate.2011","Loss","Mixed-diet Feeder"
"365","Praslin SW Granite33",2011,15,"Praslin SW Granite",7,"Recovering","Praslin SW Granite.2011","Gain","Mixed-diet Feeder"
"366","Praslin SW Patch33",2011,8,"Praslin SW Patch",2,"Shifted","Praslin SW Patch.2011","Gain","Mixed-diet Feeder"
"367","Ste Anne Carbonate33",2011,11,"Ste Anne Carbonate",1,"Shifted","Ste Anne Carbonate.2011","Gain","Mixed-diet Feeder"
"368","Ste Anne Granite33",2011,14,"Ste Anne Granite",6,"Recovering","Ste Anne Granite.2011","Gain","Mixed-diet Feeder"
"369","Ste Anne Patch33",2011,10,"Ste Anne Patch",2,"Recovering","Ste Anne Patch.2011","Gain","Mixed-diet Feeder"
"370","Cousin Carbonate43",2014,4,"Cousin Carbonate",-4,"Shifted","Cousin Carbonate.2014","Loss","Mixed-diet Feeder"
"371","Cousin Granite43",2014,8,"Cousin Granite",-7,"Shifted","Cousin Granite.2014","Loss","Mixed-diet Feeder"
"372","Cousin Patch43",2014,10,"Cousin Patch",0,"Shifted","Cousin Patch.2014","Loss","Mixed-diet Feeder"
"373","Mahe E Carbonate43",2014,6,"Mahe E Carbonate",-4,"Shifted","Mahe E Carbonate.2014","Loss","Mixed-diet Feeder"
"374","Mahe E Granite43",2014,3,"Mahe E Granite",-6,"Shifted","Mahe E Granite.2014","Loss","Mixed-diet Feeder"
"375","Mahe E Patch43",2014,7,"Mahe E Patch",-3,"Recovering","Mahe E Patch.2014","Loss","Mixed-diet Feeder"
"376","Mahe NW Carbonate43",2014,8,"Mahe NW Carbonate",1,"Recovering","Mahe NW Carbonate.2014","Gain","Mixed-diet Feeder"
"377","Mahe NW Granite43",2014,7,"Mahe NW Granite",0,"Recovering","Mahe NW Granite.2014","Loss","Mixed-diet Feeder"
"378","Mahe NW Patch43",2014,9,"Mahe NW Patch",6,"Recovering","Mahe NW Patch.2014","Gain","Mixed-diet Feeder"
"379","Mahe W Carbonate43",2014,4,"Mahe W Carbonate",0,"Recovering","Mahe W Carbonate.2014","Loss","Mixed-diet Feeder"
"380","Mahe W Granite43",2014,11,"Mahe W Granite",3,"Recovering","Mahe W Granite.2014","Gain","Mixed-diet Feeder"
"381","Mahe W Patch43",2014,6,"Mahe W Patch",-3,"Recovering","Mahe W Patch.2014","Loss","Mixed-diet Feeder"
"382","Praslin NE Carbonate43",2014,4,"Praslin NE Carbonate",-8,"Shifted","Praslin NE Carbonate.2014","Loss","Mixed-diet Feeder"
"383","Praslin NE Granite43",2014,10,"Praslin NE Granite",-4,"Recovering","Praslin NE Granite.2014","Loss","Mixed-diet Feeder"
"384","Praslin NE Patch43",2014,9,"Praslin NE Patch",1,"Recovering","Praslin NE Patch.2014","Gain","Mixed-diet Feeder"
"385","Praslin SW Carbonate43",2014,10,"Praslin SW Carbonate",6,"Shifted","Praslin SW Carbonate.2014","Gain","Mixed-diet Feeder"
"386","Praslin SW Granite43",2014,10,"Praslin SW Granite",2,"Recovering","Praslin SW Granite.2014","Gain","Mixed-diet Feeder"
"387","Praslin SW Patch43",2014,6,"Praslin SW Patch",0,"Shifted","Praslin SW Patch.2014","Loss","Mixed-diet Feeder"
"388","Ste Anne Carbonate43",2014,9,"Ste Anne Carbonate",-1,"Shifted","Ste Anne Carbonate.2014","Loss","Mixed-diet Feeder"
"389","Ste Anne Granite43",2014,13,"Ste Anne Granite",5,"Recovering","Ste Anne Granite.2014","Gain","Mixed-diet Feeder"
"390","Ste Anne Patch43",2014,8,"Ste Anne Patch",0,"Recovering","Ste Anne Patch.2014","Loss","Mixed-diet Feeder"
"391","Mahe E Carbonate53",2017,9,"Mahe E Carbonate",-1,"Shifted","Mahe E Carbonate.2017","Loss","Mixed-diet Feeder"
"392","Mahe E Granite53",2017,6,"Mahe E Granite",-3,"Shifted","Mahe E Granite.2017","Loss","Mixed-diet Feeder"
"393","Mahe E Patch53",2017,10,"Mahe E Patch",0,"Recovering","Mahe E Patch.2017","Loss","Mixed-diet Feeder"
"394","Mahe NW Carbonate53",2017,4,"Mahe NW Carbonate",-3,"Recovering","Mahe NW Carbonate.2017","Loss","Mixed-diet Feeder"
"395","Mahe NW Granite53",2017,7,"Mahe NW Granite",0,"Recovering","Mahe NW Granite.2017","Loss","Mixed-diet Feeder"
"396","Mahe NW Patch53",2017,9,"Mahe NW Patch",6,"Recovering","Mahe NW Patch.2017","Gain","Mixed-diet Feeder"
"397","Mahe W Carbonate53",2017,8,"Mahe W Carbonate",4,"Recovering","Mahe W Carbonate.2017","Gain","Mixed-diet Feeder"
"398","Mahe W Granite53",2017,10,"Mahe W Granite",2,"Recovering","Mahe W Granite.2017","Gain","Mixed-diet Feeder"
"399","Mahe W Patch53",2017,4,"Mahe W Patch",-5,"Recovering","Mahe W Patch.2017","Loss","Mixed-diet Feeder"
"400","Praslin NE Carbonate53",2017,5,"Praslin NE Carbonate",-7,"Shifted","Praslin NE Carbonate.2017","Loss","Mixed-diet Feeder"
"401","Praslin NE Granite53",2017,14,"Praslin NE Granite",0,"Recovering","Praslin NE Granite.2017","Loss","Mixed-diet Feeder"
"402","Praslin NE Patch53",2017,9,"Praslin NE Patch",1,"Recovering","Praslin NE Patch.2017","Gain","Mixed-diet Feeder"
"403","Praslin SW Carbonate53",2017,3,"Praslin SW Carbonate",-1,"Shifted","Praslin SW Carbonate.2017","Loss","Mixed-diet Feeder"
"404","Praslin SW Granite53",2017,10,"Praslin SW Granite",2,"Recovering","Praslin SW Granite.2017","Gain","Mixed-diet Feeder"
"405","Praslin SW Patch53",2017,7,"Praslin SW Patch",1,"Shifted","Praslin SW Patch.2017","Gain","Mixed-diet Feeder"
"406","Ste Anne Carbonate53",2017,7,"Ste Anne Carbonate",-3,"Shifted","Ste Anne Carbonate.2017","Loss","Mixed-diet Feeder"
"407","Ste Anne Granite53",2017,9,"Ste Anne Granite",1,"Recovering","Ste Anne Granite.2017","Gain","Mixed-diet Feeder"
"408","Ste Anne Patch53",2017,13,"Ste Anne Patch",5,"Recovering","Ste Anne Patch.2017","Gain","Mixed-diet Feeder"
"409","Cousin Carbonate14",2005,0,"Cousin Carbonate",-6,"Shifted","Cousin Carbonate.2005","Loss","Corallivore"
"410","Cousin Granite14",2005,1,"Cousin Granite",-4,"Shifted","Cousin Granite.2005","Loss","Corallivore"
"411","Cousin Patch14",2005,0,"Cousin Patch",-5,"Shifted","Cousin Patch.2005","Loss","Corallivore"
"412","Mahe E Carbonate14",2005,1,"Mahe E Carbonate",-4,"Shifted","Mahe E Carbonate.2005","Loss","Corallivore"
"413","Mahe E Granite14",2005,0,"Mahe E Granite",0,"Shifted","Mahe E Granite.2005","Loss","Corallivore"
"414","Mahe E Patch14",2005,1,"Mahe E Patch",-1,"Recovering","Mahe E Patch.2005","Loss","Corallivore"
"415","Mahe NW Carbonate14",2005,0,"Mahe NW Carbonate",-5,"Recovering","Mahe NW Carbonate.2005","Loss","Corallivore"
"416","Mahe NW Granite14",2005,1,"Mahe NW Granite",-3,"Recovering","Mahe NW Granite.2005","Loss","Corallivore"
"417","Mahe NW Patch14",2005,1,"Mahe NW Patch",-3,"Recovering","Mahe NW Patch.2005","Loss","Corallivore"
"418","Mahe W Carbonate14",2005,2,"Mahe W Carbonate",-2,"Recovering","Mahe W Carbonate.2005","Loss","Corallivore"
"419","Mahe W Granite14",2005,2,"Mahe W Granite",0,"Recovering","Mahe W Granite.2005","Loss","Corallivore"
"420","Mahe W Patch14",2005,2,"Mahe W Patch",0,"Recovering","Mahe W Patch.2005","Loss","Corallivore"
"421","Praslin NE Carbonate14",2005,1,"Praslin NE Carbonate",-6,"Shifted","Praslin NE Carbonate.2005","Loss","Corallivore"
"422","Praslin NE Granite14",2005,3,"Praslin NE Granite",-1,"Recovering","Praslin NE Granite.2005","Loss","Corallivore"
"423","Praslin NE Patch14",2005,0,"Praslin NE Patch",-4,"Recovering","Praslin NE Patch.2005","Loss","Corallivore"
"424","Praslin SW Carbonate14",2005,0,"Praslin SW Carbonate",-4,"Shifted","Praslin SW Carbonate.2005","Loss","Corallivore"
"425","Praslin SW Granite14",2005,2,"Praslin SW Granite",-1,"Recovering","Praslin SW Granite.2005","Loss","Corallivore"
"426","Praslin SW Patch14",2005,1,"Praslin SW Patch",-2,"Shifted","Praslin SW Patch.2005","Loss","Corallivore"
"427","Ste Anne Carbonate14",2005,1,"Ste Anne Carbonate",-4,"Shifted","Ste Anne Carbonate.2005","Loss","Corallivore"
"428","Ste Anne Granite14",2005,1,"Ste Anne Granite",-3,"Recovering","Ste Anne Granite.2005","Loss","Corallivore"
"429","Ste Anne Patch14",2005,0,"Ste Anne Patch",-5,"Recovering","Ste Anne Patch.2005","Loss","Corallivore"
"430","Cousin Carbonate24",2008,0,"Cousin Carbonate",-6,"Shifted","Cousin Carbonate.2008","Loss","Corallivore"
"431","Cousin Granite24",2008,1,"Cousin Granite",-4,"Shifted","Cousin Granite.2008","Loss","Corallivore"
"432","Cousin Patch24",2008,0,"Cousin Patch",-5,"Shifted","Cousin Patch.2008","Loss","Corallivore"
"433","Mahe E Carbonate24",2008,3,"Mahe E Carbonate",-2,"Shifted","Mahe E Carbonate.2008","Loss","Corallivore"
"434","Mahe E Granite24",2008,1,"Mahe E Granite",1,"Shifted","Mahe E Granite.2008","Gain","Corallivore"
"435","Mahe E Patch24",2008,2,"Mahe E Patch",0,"Recovering","Mahe E Patch.2008","Loss","Corallivore"
"436","Mahe NW Carbonate24",2008,2,"Mahe NW Carbonate",-3,"Recovering","Mahe NW Carbonate.2008","Loss","Corallivore"
"437","Mahe NW Granite24",2008,3,"Mahe NW Granite",-1,"Recovering","Mahe NW Granite.2008","Loss","Corallivore"
"438","Mahe NW Patch24",2008,1,"Mahe NW Patch",-3,"Recovering","Mahe NW Patch.2008","Loss","Corallivore"
"439","Mahe W Carbonate24",2008,3,"Mahe W Carbonate",-1,"Recovering","Mahe W Carbonate.2008","Loss","Corallivore"
"440","Mahe W Granite24",2008,2,"Mahe W Granite",0,"Recovering","Mahe W Granite.2008","Loss","Corallivore"
"441","Mahe W Patch24",2008,3,"Mahe W Patch",1,"Recovering","Mahe W Patch.2008","Gain","Corallivore"
"442","Praslin NE Carbonate24",2008,2,"Praslin NE Carbonate",-5,"Shifted","Praslin NE Carbonate.2008","Loss","Corallivore"
"443","Praslin NE Granite24",2008,4,"Praslin NE Granite",0,"Recovering","Praslin NE Granite.2008","Loss","Corallivore"
"444","Praslin NE Patch24",2008,0,"Praslin NE Patch",-4,"Recovering","Praslin NE Patch.2008","Loss","Corallivore"
"445","Praslin SW Carbonate24",2008,0,"Praslin SW Carbonate",-4,"Shifted","Praslin SW Carbonate.2008","Loss","Corallivore"
"446","Praslin SW Granite24",2008,5,"Praslin SW Granite",2,"Recovering","Praslin SW Granite.2008","Gain","Corallivore"
"447","Praslin SW Patch24",2008,2,"Praslin SW Patch",-1,"Shifted","Praslin SW Patch.2008","Loss","Corallivore"
"448","Ste Anne Carbonate24",2008,3,"Ste Anne Carbonate",-2,"Shifted","Ste Anne Carbonate.2008","Loss","Corallivore"
"449","Ste Anne Granite24",2008,4,"Ste Anne Granite",0,"Recovering","Ste Anne Granite.2008","Loss","Corallivore"
"450","Ste Anne Patch24",2008,4,"Ste Anne Patch",-1,"Recovering","Ste Anne Patch.2008","Loss","Corallivore"
"451","Cousin Carbonate34",2011,0,"Cousin Carbonate",-6,"Shifted","Cousin Carbonate.2011","Loss","Corallivore"
"452","Cousin Granite34",2011,0,"Cousin Granite",-5,"Shifted","Cousin Granite.2011","Loss","Corallivore"
"453","Cousin Patch34",2011,1,"Cousin Patch",-4,"Shifted","Cousin Patch.2011","Loss","Corallivore"
"454","Mahe E Carbonate34",2011,0,"Mahe E Carbonate",-5,"Shifted","Mahe E Carbonate.2011","Loss","Corallivore"
"455","Mahe E Granite34",2011,1,"Mahe E Granite",1,"Shifted","Mahe E Granite.2011","Gain","Corallivore"
"456","Mahe E Patch34",2011,3,"Mahe E Patch",1,"Recovering","Mahe E Patch.2011","Gain","Corallivore"
"457","Mahe NW Carbonate34",2011,4,"Mahe NW Carbonate",-1,"Recovering","Mahe NW Carbonate.2011","Loss","Corallivore"
"458","Mahe NW Granite34",2011,5,"Mahe NW Granite",1,"Recovering","Mahe NW Granite.2011","Gain","Corallivore"
"459","Mahe NW Patch34",2011,4,"Mahe NW Patch",0,"Recovering","Mahe NW Patch.2011","Loss","Corallivore"
"460","Mahe W Carbonate34",2011,3,"Mahe W Carbonate",-1,"Recovering","Mahe W Carbonate.2011","Loss","Corallivore"
"461","Mahe W Granite34",2011,3,"Mahe W Granite",1,"Recovering","Mahe W Granite.2011","Gain","Corallivore"
"462","Mahe W Patch34",2011,5,"Mahe W Patch",3,"Recovering","Mahe W Patch.2011","Gain","Corallivore"
"463","Praslin NE Carbonate34",2011,1,"Praslin NE Carbonate",-6,"Shifted","Praslin NE Carbonate.2011","Loss","Corallivore"
"464","Praslin NE Granite34",2011,5,"Praslin NE Granite",1,"Recovering","Praslin NE Granite.2011","Gain","Corallivore"
"465","Praslin NE Patch34",2011,0,"Praslin NE Patch",-4,"Recovering","Praslin NE Patch.2011","Loss","Corallivore"
"466","Praslin SW Carbonate34",2011,0,"Praslin SW Carbonate",-4,"Shifted","Praslin SW Carbonate.2011","Loss","Corallivore"
"467","Praslin SW Granite34",2011,4,"Praslin SW Granite",1,"Recovering","Praslin SW Granite.2011","Gain","Corallivore"
"468","Praslin SW Patch34",2011,3,"Praslin SW Patch",0,"Shifted","Praslin SW Patch.2011","Loss","Corallivore"
"469","Ste Anne Carbonate34",2011,0,"Ste Anne Carbonate",-5,"Shifted","Ste Anne Carbonate.2011","Loss","Corallivore"
"470","Ste Anne Granite34",2011,3,"Ste Anne Granite",-1,"Recovering","Ste Anne Granite.2011","Loss","Corallivore"
"471","Ste Anne Patch34",2011,4,"Ste Anne Patch",-1,"Recovering","Ste Anne Patch.2011","Loss","Corallivore"
"472","Cousin Carbonate44",2014,1,"Cousin Carbonate",-5,"Shifted","Cousin Carbonate.2014","Loss","Corallivore"
"473","Cousin Granite44",2014,0,"Cousin Granite",-5,"Shifted","Cousin Granite.2014","Loss","Corallivore"
"474","Cousin Patch44",2014,1,"Cousin Patch",-4,"Shifted","Cousin Patch.2014","Loss","Corallivore"
"475","Mahe E Carbonate44",2014,4,"Mahe E Carbonate",-1,"Shifted","Mahe E Carbonate.2014","Loss","Corallivore"
"476","Mahe E Granite44",2014,2,"Mahe E Granite",2,"Shifted","Mahe E Granite.2014","Gain","Corallivore"
"477","Mahe E Patch44",2014,3,"Mahe E Patch",1,"Recovering","Mahe E Patch.2014","Gain","Corallivore"
"478","Mahe NW Carbonate44",2014,5,"Mahe NW Carbonate",0,"Recovering","Mahe NW Carbonate.2014","Loss","Corallivore"
"479","Mahe NW Granite44",2014,6,"Mahe NW Granite",2,"Recovering","Mahe NW Granite.2014","Gain","Corallivore"
"480","Mahe NW Patch44",2014,5,"Mahe NW Patch",1,"Recovering","Mahe NW Patch.2014","Gain","Corallivore"
"481","Mahe W Carbonate44",2014,5,"Mahe W Carbonate",1,"Recovering","Mahe W Carbonate.2014","Gain","Corallivore"
"482","Mahe W Granite44",2014,3,"Mahe W Granite",1,"Recovering","Mahe W Granite.2014","Gain","Corallivore"
"483","Mahe W Patch44",2014,4,"Mahe W Patch",2,"Recovering","Mahe W Patch.2014","Gain","Corallivore"
"484","Praslin NE Carbonate44",2014,1,"Praslin NE Carbonate",-6,"Shifted","Praslin NE Carbonate.2014","Loss","Corallivore"
"485","Praslin NE Granite44",2014,4,"Praslin NE Granite",0,"Recovering","Praslin NE Granite.2014","Loss","Corallivore"
"486","Praslin NE Patch44",2014,3,"Praslin NE Patch",-1,"Recovering","Praslin NE Patch.2014","Loss","Corallivore"
"487","Praslin SW Carbonate44",2014,3,"Praslin SW Carbonate",-1,"Shifted","Praslin SW Carbonate.2014","Loss","Corallivore"
"488","Praslin SW Granite44",2014,5,"Praslin SW Granite",2,"Recovering","Praslin SW Granite.2014","Gain","Corallivore"
"489","Praslin SW Patch44",2014,4,"Praslin SW Patch",1,"Shifted","Praslin SW Patch.2014","Gain","Corallivore"
"490","Ste Anne Carbonate44",2014,5,"Ste Anne Carbonate",0,"Shifted","Ste Anne Carbonate.2014","Loss","Corallivore"
"491","Ste Anne Granite44",2014,5,"Ste Anne Granite",1,"Recovering","Ste Anne Granite.2014","Gain","Corallivore"
"492","Ste Anne Patch44",2014,5,"Ste Anne Patch",0,"Recovering","Ste Anne Patch.2014","Loss","Corallivore"
"493","Mahe E Carbonate54",2017,0,"Mahe E Carbonate",-5,"Shifted","Mahe E Carbonate.2017","Loss","Corallivore"
"494","Mahe E Granite54",2017,0,"Mahe E Granite",0,"Shifted","Mahe E Granite.2017","Loss","Corallivore"
"495","Mahe E Patch54",2017,1,"Mahe E Patch",-1,"Recovering","Mahe E Patch.2017","Loss","Corallivore"
"496","Mahe NW Carbonate54",2017,2,"Mahe NW Carbonate",-3,"Recovering","Mahe NW Carbonate.2017","Loss","Corallivore"
"497","Mahe NW Granite54",2017,5,"Mahe NW Granite",1,"Recovering","Mahe NW Granite.2017","Gain","Corallivore"
"498","Mahe NW Patch54",2017,2,"Mahe NW Patch",-2,"Recovering","Mahe NW Patch.2017","Loss","Corallivore"
"499","Mahe W Carbonate54",2017,3,"Mahe W Carbonate",-1,"Recovering","Mahe W Carbonate.2017","Loss","Corallivore"
"500","Mahe W Granite54",2017,4,"Mahe W Granite",2,"Recovering","Mahe W Granite.2017","Gain","Corallivore"
"501","Mahe W Patch54",2017,2,"Mahe W Patch",0,"Recovering","Mahe W Patch.2017","Loss","Corallivore"
"502","Praslin NE Carbonate54",2017,0,"Praslin NE Carbonate",-7,"Shifted","Praslin NE Carbonate.2017","Loss","Corallivore"
"503","Praslin NE Granite54",2017,4,"Praslin NE Granite",0,"Recovering","Praslin NE Granite.2017","Loss","Corallivore"
"504","Praslin NE Patch54",2017,1,"Praslin NE Patch",-3,"Recovering","Praslin NE Patch.2017","Loss","Corallivore"
"505","Praslin SW Carbonate54",2017,2,"Praslin SW Carbonate",-2,"Shifted","Praslin SW Carbonate.2017","Loss","Corallivore"
"506","Praslin SW Granite54",2017,5,"Praslin SW Granite",2,"Recovering","Praslin SW Granite.2017","Gain","Corallivore"
"507","Praslin SW Patch54",2017,3,"Praslin SW Patch",0,"Shifted","Praslin SW Patch.2017","Loss","Corallivore"
"508","Ste Anne Carbonate54",2017,2,"Ste Anne Carbonate",-3,"Shifted","Ste Anne Carbonate.2017","Loss","Corallivore"
"509","Ste Anne Granite54",2017,3,"Ste Anne Granite",-1,"Recovering","Ste Anne Granite.2017","Loss","Corallivore"
"510","Ste Anne Patch54",2017,3,"Ste Anne Patch",-2,"Recovering","Ste Anne Patch.2017","Loss","Corallivore"
"511","Cousin Carbonate15",2005,2,"Cousin Carbonate",-3,"Shifted","Cousin Carbonate.2005","Loss","Piscivore"
"512","Cousin Granite15",2005,1,"Cousin Granite",-3,"Shifted","Cousin Granite.2005","Loss","Piscivore"
"513","Cousin Patch15",2005,4,"Cousin Patch",1,"Shifted","Cousin Patch.2005","Gain","Piscivore"
"514","Mahe E Carbonate15",2005,0,"Mahe E Carbonate",-4,"Shifted","Mahe E Carbonate.2005","Loss","Piscivore"
"515","Mahe E Granite15",2005,3,"Mahe E Granite",1,"Shifted","Mahe E Granite.2005","Gain","Piscivore"
"516","Mahe E Patch15",2005,1,"Mahe E Patch",-1,"Recovering","Mahe E Patch.2005","Loss","Piscivore"
"517","Mahe NW Carbonate15",2005,8,"Mahe NW Carbonate",2,"Recovering","Mahe NW Carbonate.2005","Gain","Piscivore"
"518","Mahe NW Granite15",2005,3,"Mahe NW Granite",0,"Recovering","Mahe NW Granite.2005","Loss","Piscivore"
"519","Mahe NW Patch15",2005,1,"Mahe NW Patch",-2,"Recovering","Mahe NW Patch.2005","Loss","Piscivore"
"520","Mahe W Carbonate15",2005,2,"Mahe W Carbonate",0,"Recovering","Mahe W Carbonate.2005","Loss","Piscivore"
"521","Mahe W Granite15",2005,1,"Mahe W Granite",-2,"Recovering","Mahe W Granite.2005","Loss","Piscivore"
"522","Mahe W Patch15",2005,0,"Mahe W Patch",-2,"Recovering","Mahe W Patch.2005","Loss","Piscivore"
"523","Praslin NE Carbonate15",2005,1,"Praslin NE Carbonate",-1,"Shifted","Praslin NE Carbonate.2005","Loss","Piscivore"
"524","Praslin NE Granite15",2005,3,"Praslin NE Granite",1,"Recovering","Praslin NE Granite.2005","Gain","Piscivore"
"525","Praslin NE Patch15",2005,1,"Praslin NE Patch",-4,"Recovering","Praslin NE Patch.2005","Loss","Piscivore"
"526","Praslin SW Carbonate15",2005,3,"Praslin SW Carbonate",2,"Shifted","Praslin SW Carbonate.2005","Gain","Piscivore"
"527","Praslin SW Granite15",2005,1,"Praslin SW Granite",-1,"Recovering","Praslin SW Granite.2005","Loss","Piscivore"
"528","Praslin SW Patch15",2005,2,"Praslin SW Patch",0,"Shifted","Praslin SW Patch.2005","Loss","Piscivore"
"529","Ste Anne Carbonate15",2005,1,"Ste Anne Carbonate",-4,"Shifted","Ste Anne Carbonate.2005","Loss","Piscivore"
"530","Ste Anne Granite15",2005,4,"Ste Anne Granite",0,"Recovering","Ste Anne Granite.2005","Loss","Piscivore"
"531","Ste Anne Patch15",2005,1,"Ste Anne Patch",-5,"Recovering","Ste Anne Patch.2005","Loss","Piscivore"
"532","Cousin Carbonate25",2008,3,"Cousin Carbonate",-2,"Shifted","Cousin Carbonate.2008","Loss","Piscivore"
"533","Cousin Granite25",2008,2,"Cousin Granite",-2,"Shifted","Cousin Granite.2008","Loss","Piscivore"
"534","Cousin Patch25",2008,1,"Cousin Patch",-2,"Shifted","Cousin Patch.2008","Loss","Piscivore"
"535","Mahe E Carbonate25",2008,4,"Mahe E Carbonate",0,"Shifted","Mahe E Carbonate.2008","Loss","Piscivore"
"536","Mahe E Granite25",2008,2,"Mahe E Granite",0,"Shifted","Mahe E Granite.2008","Loss","Piscivore"
"537","Mahe E Patch25",2008,1,"Mahe E Patch",-1,"Recovering","Mahe E Patch.2008","Loss","Piscivore"
"538","Mahe NW Carbonate25",2008,6,"Mahe NW Carbonate",0,"Recovering","Mahe NW Carbonate.2008","Loss","Piscivore"
"539","Mahe NW Granite25",2008,1,"Mahe NW Granite",-2,"Recovering","Mahe NW Granite.2008","Loss","Piscivore"
"540","Mahe NW Patch25",2008,4,"Mahe NW Patch",1,"Recovering","Mahe NW Patch.2008","Gain","Piscivore"
"541","Mahe W Carbonate25",2008,2,"Mahe W Carbonate",0,"Recovering","Mahe W Carbonate.2008","Loss","Piscivore"
"542","Mahe W Granite25",2008,2,"Mahe W Granite",-1,"Recovering","Mahe W Granite.2008","Loss","Piscivore"
"543","Mahe W Patch25",2008,3,"Mahe W Patch",1,"Recovering","Mahe W Patch.2008","Gain","Piscivore"
"544","Praslin NE Carbonate25",2008,0,"Praslin NE Carbonate",-2,"Shifted","Praslin NE Carbonate.2008","Loss","Piscivore"
"545","Praslin NE Granite25",2008,4,"Praslin NE Granite",2,"Recovering","Praslin NE Granite.2008","Gain","Piscivore"
"546","Praslin NE Patch25",2008,1,"Praslin NE Patch",-4,"Recovering","Praslin NE Patch.2008","Loss","Piscivore"
"547","Praslin SW Carbonate25",2008,1,"Praslin SW Carbonate",0,"Shifted","Praslin SW Carbonate.2008","Loss","Piscivore"
"548","Praslin SW Granite25",2008,3,"Praslin SW Granite",1,"Recovering","Praslin SW Granite.2008","Gain","Piscivore"
"549","Praslin SW Patch25",2008,5,"Praslin SW Patch",3,"Shifted","Praslin SW Patch.2008","Gain","Piscivore"
"550","Ste Anne Carbonate25",2008,1,"Ste Anne Carbonate",-4,"Shifted","Ste Anne Carbonate.2008","Loss","Piscivore"
"551","Ste Anne Granite25",2008,1,"Ste Anne Granite",-3,"Recovering","Ste Anne Granite.2008","Loss","Piscivore"
"552","Ste Anne Patch25",2008,1,"Ste Anne Patch",-5,"Recovering","Ste Anne Patch.2008","Loss","Piscivore"
"553","Cousin Carbonate35",2011,1,"Cousin Carbonate",-4,"Shifted","Cousin Carbonate.2011","Loss","Piscivore"
"554","Cousin Granite35",2011,4,"Cousin Granite",0,"Shifted","Cousin Granite.2011","Loss","Piscivore"
"555","Cousin Patch35",2011,4,"Cousin Patch",1,"Shifted","Cousin Patch.2011","Gain","Piscivore"
"556","Mahe E Carbonate35",2011,0,"Mahe E Carbonate",-4,"Shifted","Mahe E Carbonate.2011","Loss","Piscivore"
"557","Mahe E Granite35",2011,0,"Mahe E Granite",-2,"Shifted","Mahe E Granite.2011","Loss","Piscivore"
"558","Mahe E Patch35",2011,0,"Mahe E Patch",-2,"Recovering","Mahe E Patch.2011","Loss","Piscivore"
"559","Mahe NW Carbonate35",2011,3,"Mahe NW Carbonate",-3,"Recovering","Mahe NW Carbonate.2011","Loss","Piscivore"
"560","Mahe NW Granite35",2011,2,"Mahe NW Granite",-1,"Recovering","Mahe NW Granite.2011","Loss","Piscivore"
"561","Mahe NW Patch35",2011,1,"Mahe NW Patch",-2,"Recovering","Mahe NW Patch.2011","Loss","Piscivore"
"562","Mahe W Carbonate35",2011,2,"Mahe W Carbonate",0,"Recovering","Mahe W Carbonate.2011","Loss","Piscivore"
"563","Mahe W Granite35",2011,2,"Mahe W Granite",-1,"Recovering","Mahe W Granite.2011","Loss","Piscivore"
"564","Mahe W Patch35",2011,3,"Mahe W Patch",1,"Recovering","Mahe W Patch.2011","Gain","Piscivore"
"565","Praslin NE Carbonate35",2011,0,"Praslin NE Carbonate",-2,"Shifted","Praslin NE Carbonate.2011","Loss","Piscivore"
"566","Praslin NE Granite35",2011,3,"Praslin NE Granite",1,"Recovering","Praslin NE Granite.2011","Gain","Piscivore"
"567","Praslin NE Patch35",2011,1,"Praslin NE Patch",-4,"Recovering","Praslin NE Patch.2011","Loss","Piscivore"
"568","Praslin SW Carbonate35",2011,1,"Praslin SW Carbonate",0,"Shifted","Praslin SW Carbonate.2011","Loss","Piscivore"
"569","Praslin SW Granite35",2011,2,"Praslin SW Granite",0,"Recovering","Praslin SW Granite.2011","Loss","Piscivore"
"570","Praslin SW Patch35",2011,1,"Praslin SW Patch",-1,"Shifted","Praslin SW Patch.2011","Loss","Piscivore"
"571","Ste Anne Carbonate35",2011,0,"Ste Anne Carbonate",-5,"Shifted","Ste Anne Carbonate.2011","Loss","Piscivore"
"572","Ste Anne Granite35",2011,2,"Ste Anne Granite",-2,"Recovering","Ste Anne Granite.2011","Loss","Piscivore"
"573","Ste Anne Patch35",2011,2,"Ste Anne Patch",-4,"Recovering","Ste Anne Patch.2011","Loss","Piscivore"
"574","Cousin Carbonate45",2014,1,"Cousin Carbonate",-4,"Shifted","Cousin Carbonate.2014","Loss","Piscivore"
"575","Cousin Granite45",2014,2,"Cousin Granite",-2,"Shifted","Cousin Granite.2014","Loss","Piscivore"
"576","Cousin Patch45",2014,2,"Cousin Patch",-1,"Shifted","Cousin Patch.2014","Loss","Piscivore"
"577","Mahe E Carbonate45",2014,2,"Mahe E Carbonate",-2,"Shifted","Mahe E Carbonate.2014","Loss","Piscivore"
"578","Mahe E Granite45",2014,2,"Mahe E Granite",0,"Shifted","Mahe E Granite.2014","Loss","Piscivore"
"579","Mahe E Patch45",2014,1,"Mahe E Patch",-1,"Recovering","Mahe E Patch.2014","Loss","Piscivore"
"580","Mahe NW Carbonate45",2014,4,"Mahe NW Carbonate",-2,"Recovering","Mahe NW Carbonate.2014","Loss","Piscivore"
"581","Mahe NW Granite45",2014,4,"Mahe NW Granite",1,"Recovering","Mahe NW Granite.2014","Gain","Piscivore"
"582","Mahe NW Patch45",2014,7,"Mahe NW Patch",4,"Recovering","Mahe NW Patch.2014","Gain","Piscivore"
"583","Mahe W Carbonate45",2014,5,"Mahe W Carbonate",3,"Recovering","Mahe W Carbonate.2014","Gain","Piscivore"
"584","Mahe W Granite45",2014,4,"Mahe W Granite",1,"Recovering","Mahe W Granite.2014","Gain","Piscivore"
"585","Mahe W Patch45",2014,5,"Mahe W Patch",3,"Recovering","Mahe W Patch.2014","Gain","Piscivore"
"586","Praslin NE Carbonate45",2014,1,"Praslin NE Carbonate",-1,"Shifted","Praslin NE Carbonate.2014","Loss","Piscivore"
"587","Praslin NE Granite45",2014,1,"Praslin NE Granite",-1,"Recovering","Praslin NE Granite.2014","Loss","Piscivore"
"588","Praslin NE Patch45",2014,0,"Praslin NE Patch",-5,"Recovering","Praslin NE Patch.2014","Loss","Piscivore"
"589","Praslin SW Carbonate45",2014,1,"Praslin SW Carbonate",0,"Shifted","Praslin SW Carbonate.2014","Loss","Piscivore"
"590","Praslin SW Granite45",2014,3,"Praslin SW Granite",1,"Recovering","Praslin SW Granite.2014","Gain","Piscivore"
"591","Praslin SW Patch45",2014,2,"Praslin SW Patch",0,"Shifted","Praslin SW Patch.2014","Loss","Piscivore"
"592","Ste Anne Carbonate45",2014,2,"Ste Anne Carbonate",-3,"Shifted","Ste Anne Carbonate.2014","Loss","Piscivore"
"593","Ste Anne Granite45",2014,1,"Ste Anne Granite",-3,"Recovering","Ste Anne Granite.2014","Loss","Piscivore"
"594","Ste Anne Patch45",2014,4,"Ste Anne Patch",-2,"Recovering","Ste Anne Patch.2014","Loss","Piscivore"
"595","Mahe E Carbonate55",2017,1,"Mahe E Carbonate",-3,"Shifted","Mahe E Carbonate.2017","Loss","Piscivore"
"596","Mahe E Granite55",2017,0,"Mahe E Granite",-2,"Shifted","Mahe E Granite.2017","Loss","Piscivore"
"597","Mahe E Patch55",2017,3,"Mahe E Patch",1,"Recovering","Mahe E Patch.2017","Gain","Piscivore"
"598","Mahe NW Carbonate55",2017,3,"Mahe NW Carbonate",-3,"Recovering","Mahe NW Carbonate.2017","Loss","Piscivore"
"599","Mahe NW Granite55",2017,5,"Mahe NW Granite",2,"Recovering","Mahe NW Granite.2017","Gain","Piscivore"
"600","Mahe NW Patch55",2017,5,"Mahe NW Patch",2,"Recovering","Mahe NW Patch.2017","Gain","Piscivore"
"601","Mahe W Carbonate55",2017,6,"Mahe W Carbonate",4,"Recovering","Mahe W Carbonate.2017","Gain","Piscivore"
"602","Mahe W Granite55",2017,4,"Mahe W Granite",1,"Recovering","Mahe W Granite.2017","Gain","Piscivore"
"603","Mahe W Patch55",2017,7,"Mahe W Patch",5,"Recovering","Mahe W Patch.2017","Gain","Piscivore"
"604","Praslin NE Carbonate55",2017,1,"Praslin NE Carbonate",-1,"Shifted","Praslin NE Carbonate.2017","Loss","Piscivore"
"605","Praslin NE Granite55",2017,4,"Praslin NE Granite",2,"Recovering","Praslin NE Granite.2017","Gain","Piscivore"
"606","Praslin NE Patch55",2017,1,"Praslin NE Patch",-4,"Recovering","Praslin NE Patch.2017","Loss","Piscivore"
"607","Praslin SW Carbonate55",2017,1,"Praslin SW Carbonate",0,"Shifted","Praslin SW Carbonate.2017","Loss","Piscivore"
"608","Praslin SW Granite55",2017,2,"Praslin SW Granite",0,"Recovering","Praslin SW Granite.2017","Loss","Piscivore"
"609","Praslin SW Patch55",2017,4,"Praslin SW Patch",2,"Shifted","Praslin SW Patch.2017","Gain","Piscivore"
"610","Ste Anne Carbonate55",2017,2,"Ste Anne Carbonate",-3,"Shifted","Ste Anne Carbonate.2017","Loss","Piscivore"
"611","Ste Anne Granite55",2017,3,"Ste Anne Granite",-1,"Recovering","Ste Anne Granite.2017","Loss","Piscivore"
"612","Ste Anne Patch55",2017,2,"Ste Anne Patch",-4,"Recovering","Ste Anne Patch.2017","Loss","Piscivore"
